brand,menu,star,review
네네치킨-정자점,"순살 반반/1(반마리 선택(순살매콤치즈스노윙반,순살양념반))",2,"항상 만점을 드렸었는데..
도착 시간을 훌쩍 넘어도 아무런 연락이 없길래 전화 드리니 
""진작 배달 완료 됐다""고 하셔서 그때부터 느낌이 싸했는데..
다른집에 잘 못 배달됐다고.. 그 후로도 17분이 더 걸려서 치킨을 받았습니다.(다식었더군요)
오랜시간 밖에 돌아다녔던 치킨을 먹는다 생각하니 당연히 환불요청하고 싶었지만 사장님께서 ""배달하는 친구가 잘못했으니 물어내라고 하고 다시 배달해줄까요?""라고 하셨는데.. 
저는 6:40분에 주문해서 21시 넘어서 치킨받고, 배달기사님도 생각해서 됐다고 했습니다. 다음부턴 배달도 신경써주세요"
무국적식탁-광진점,1인 우（牛）삼겹 스키야키 우동/1,2,짜기만하고 뭔맛인지 모르겠어요... 원래 짜게먹는데 이건 너무짬. 리뷰가 좋아서 시켰는데.. 그리고 날계란 넣어먹으라고 주신거같은데 익을만큼 뜨겁지도 않고 걍 애매했음.
장독대김치찌개-선릉점,장독대 김치찌개 정식（1人）/2,2,양도 많고 배달은 빠른데 맛이...
돈까스퐁당떡볶이공수간-구의점,"갈비맛돼지퐁당떡볶이/1(떡볶이맛선택(기본맛),비율선택(반반))",5,맛있게 잘 먹었습니다
스피드박스,"비빔국수/1,산채비빔밥/1",2,제 최애맛집인 곳인데 비빔국수 진짜 너무퍽퍽하고 세입먹고 버림.. 비빔밥도너무 멸치냄새강하고 이것도먹다남김ㅜㅜ
설빙-강남역2호점,"그린티초코설빙/1(스푼선택(스푼 4개)),치즈설빙/1(스푼선택(스푼 4개))",1,이렇게 양이 반토막나서 온 설빙은 처음임
김가네-정자역점,"참치김치볶음밥/1,오징어덮밥/1",5,역쉬~ 분식하면 김가네죠~^^
설빙-강남역2호점,"프리미엄생딸기설빙/1,팥인절미설빙/1,매콤쌀떡볶이/1",2,"배달하는데 거의 한시간.. 너무 오래걸리기도하는데 
예상시간보다 더 늦게왔네요. 팥인절미 시켰는데 팥은 찾을수가 없었습니다."
멕시카나-화양점,순살간장치킨/1(음료(콜라변경1.25L)),5,배개파서 허겁지겁 반이나 먹고 찍은건데 이왜줄지 않죠? 추추천 JMT
장독대김치찌개-선릉점,장독대 김치찜 정식/1,4,배달도 빠르고 맛도 좋아요~ 반찬도 푸짐하게 오는데 맛은 그다지.. 그래도 김치찜하나는 끝내줍니당
오태식해바라기치킨-송정점,"해바라기아줌마반반치킨/1(메뉴 선택(순살),후라이드반 선택(후라이드반),양념반 선택(양념반),음료 추가 선택(추가없음)),병진이형 간장치킨/1(메뉴 선택(뼈),음료 추가 선택(추가없음)),우유튀김（15개）/1,마늘갈릭소스/1",3,"후라이드를 딱 하나 먹었을때 닭 누린내가 났어요..그래서 후라이드는 내일 한번 돌려서 먹어보려구요.
에어후라이에 바짝 익혀서요...
닭 누린내 잡을때는 우유에 담그는게 제일 좋은 방법인데..
저는 누린내나는걸 되게 싫어합니다.
더이상 손이 안가네요...
*
고객의 소리에 귀기우려주시고 번창하세요."
파스타레토,"쉬림프알프레도파스타/1,치즈오븐스파게티/1",3,크림스파게티는 좀더 간이 되어있으면 더 좋을거같아요
불맛돼지-1호점,"불 삼겹살/1(사이즈 선택(1人-250g)),콜라/1",4,"리뷰이벤트 신청했는데 따로 주신건 없어요 서비스 이벤트인지라 꼭 받아야하는건 아닌데 주실줄 알았다가 못받으니깐 좀 아쉽긴하네요 ㅜㅜ
고기 맛은 엄청 맛있습니다
그리고... 마늘 많이 부탁 드렸는데ㅜㅜ 3조각... 이것도 아쉽..."
돈까스퐁당떡볶이공수간-구의점,"치즈떡 | 2단찬합（떡튀음료）/1(떡볶이맛선택(기본맛),음료선택(쿨피스 930ml),돈까스 선택(치즈등심돈까스)),토핑밥_참치마요밥/1",4,맛있는데 돈가스가 약간 아쉬움
박가족-장안점,朴家당일삶은왕족/1(사이즈 선택(대)),2,예정 시간 보다 30분이나 늑
설빙-강남역2호점,"요거통통메론설빙/1(스푼선택(스푼 4개)),팥인절미설빙/1(스푼선택(스푼 4개)),연유소스/2",1,솔직히 너무하네요... 두시간이걸리고 빙수도 녹고 너무 실망입니다. 반품하려다가 그냥 먹습니다.
버거킹-건대입구역점(24),"불고기와퍼주니어세트/1(음료변경(코카-콜라R（변경 없음 ）),사이드변경(프렌치프라이（R）)),콰트로치즈와퍼주니어/1",4,음식이 다 식어서온거 빼고 ㄱㅊ
모자족발&보쌈-분당정자직영점,족발（앞발）大/1,5,맛있어요 족발은 항상 여기서 시켜먹어요
스피드박스,"푸짐라볶이/1,튀김만두/1,스프라이트 500mL/1",2,"주문하자마자 1500원 배달료 추가된다고 저나왔는데,
전 배달료 추가는 상관없지만 현금이나 현장카드결제 계좌이체 번거로우니 앱에서 주문결제할때 한번에 할수있는 시스템이었으면 좋겠다고 했더니 계속 불친절하게 대답을 하시더라구요 저도 서비스업에 종사하는데 말투가 얼마나 중요한지 다시한번 느꼈습니다 직원분이신지 사장님이신지는 모르겠지만 고객이 불편함을 느낀다고 말하면 말투라도 친절하게 응대해주세요 기분이 상해서 그런지 맛도 그저그래서 다 남겼네요 라볶이 면은 불어있었고 튀김만두는 그냥 냉동만두 튀긴건데 좀 바싹 튀기시면 더 좋을것같아요"
작품파스타&피자,콤비네이션피자 （M）/1(토핑추가(피자치즈추가)),3,그저그런정도 ㅎㅎ입니다
KFC-세종대점,"핫크리스피치킨 5조각/1,블랙라벨폴인치즈박스/1(사이드변경(케이준후라이),음료변경(아메리카노（L）교환)),캡새버거/1,케이준후라이（L）/1,롱치즈스틱/2,코울슬로/1,콘샐러드/1",1,진심 별로임 서비스도 앗도 없음
KFC-세종대점,"징거박스/1(사이드변경(케이준후라이),음료변경(콜라))",1,"너무  늦게 와서, 콜라를 안가져왔어요😠.음식도 식혔어요"
한솥도시락-동천역U타워점,"메가 치킨제육/1,돈까스도련님 고기고기/1,왕치킨마요/1",1,"*받은기분이네요
물론 준비하셔서 빠르게 배달원분에게 넘기신것은 봤지만 배달 지연되었는데 미안하다는 말도 한마디없는 배달원분 태도와 배달중에 길헤매면서 성의없는 전화응대 심지어 배달받아 열었더니 개밥같은 비주얼의 음식을 받은 순간 늦은저녁먹으려는데 입맛이 떨어집니다 요기요 고객센터에 컴플레인을하려고 여기저기 눌러봐도 되질않네요 문제점 개선이 시급하다고 생각합니다
가맹점주님이 컴플레인을 거시든 댓글통해 고객센터쪽에서 보시면 답글 남겨주세요 
이런 *받으려고 배달비내고 시키지 않았습니다
기분 더럽네요"
육회한연어-건대점,"꼬마 연어회비빔밥/1,육회 물회/1",1,"연어먹다 비린내나도 먹었는데...
배탈나서 이틀동안 디질뻔햇습니다
육회도 냉동이 심해서 시간이 지나도
딱딱함...
똥밟았다 생각하는디..
사실 이런리뷰는 첨인데 
넘 실망이다"
빅스타피자-서울건대점,"반반피자 23,900메뉴（XXXL46cm）/1(반반피자선택1(갈릭새우스테이크피자),반반피자선택2(달콤구마 피자),음료&소스 추가선택(콜라 1.25L 추가))",1,맛없어요. 새우4개 있고 고개도 거의 없어요.  크기는 한데 1회용 장갑도 안 주고 손으로 먹어요?? 실망.....
칼국수한마당-미금점,"해물칼국수/1(조리 상태 선택(조리)),들깨 수제비/1(조리 상태 선택(조리)),겉절이 （600g）/1",4,"배달도 빠르고 
칼국수 맛있어요^^"
박가족-장안점,朴家당일삶은왕족/1(사이즈 선택(중)),5,맛잇게 잘 먹었습니다~ 양도 생각보다 많구 리뷰서비스도 2가지나 챙겨주셔서 잘 먹었습니당 ㅋㅋ 배달도 빨라서 좋았어요~
피자헛-죽전점,티본&쉬림프 리치골드L 인기세트/1,3,다른건 괘안은데   맛이  없네요
어도아구찜해물탕,"아구찜/1(사이즈선택(大),추가 선택(낙지 추가))",2,"낙지 절단 금지라 했는데 절단, 콩나물 짜고 양념 최고로 맛 없음. 아구에서 냄새 남. 지금까지 이곳 한 곳에서 계속 아구찜 먹었는데 오늘이 최고로 맛이 없었어요. 남은 아구 어떻게 먹어야할지..."
육회한연어-건대점,혼술세트1/1(사이드 추가선택(날치알주먹밥)),5,양도많고 엄청 배부르게 잘먹었어요!! 다음에 또 시킬게요~~
파스타레토,"고르곤졸라파스타/1,씨푸드크림파스타/1,마늘빵（5개）/1,미니샐러드 /1",2,파스타는 너무 빡빡하고 샐러드에 양상추는 쓰고..
KFC-세종대점,"블랙라벨폴인치즈박스/1(사이드변경(비스켓교환),음료변경(아이스아메리카노（L）교환)),닭껍질튀김/1,에그타르트/2",5,배달도 예상 시간 맞춰 도착해서 잘 먹었습니다.
칼국수한마당-미금점,"해물칼국수1&해물만두칼국수1/1(조리 상태 선택(반조리)),팥옹심이/1(조리 상태 선택(반조리))",4,"칼국수 굿
팥죽 soso"
네네치킨-정자점,레드마요치킨/1,2,"올림빅이라 그런지 배달시간은 70분이라고 나와서 기다리고 먹었는데
받고보니 다 식고 눅눅해져서 왔네요
다음부턴 다른 지점으로 주문할거 같네요"
파스타레토,"토마토씨푸드파스타/1,토마토핫칠리씨푸드파스타/1,치킨텐더（5개）/1",3,토마토칠리는 맛있었는데 그냥 토마토는 조금 맛이 밋밋했어요. 그래도 잘 먹었습니다.
장충동왕족발보쌈,족발 大/1(음료 변경(변경 안함)),4,맛있어용 ㅋㅋㅋㅋㅋ 양도 좋아요
어도아구찜해물탕,"해물찜/1(사이즈선택(中),추가 선택(낙지 추가))",4,"몇년전에 여기서 알탕 주문해 먹어보고 맛이 좋았던 기억이 있어서, 요번에 찜으로 주문했어요~!!
가족들 모두 맛있게 잘 먹었어요~!!!
반찬(?)으로 나온 고추가 좀 말라서 조금 아쉬웠지만, 한끼 맛있게 잘 먹었습니다. ;-)"
네네치킨-정자점,"레드마요치킨＋네네나쵸팩/1(사이드 추가(네네나쵸팩),음료 업그레이드(콜라1.25L 추가)),순살 반반/1(반마리 선택(순살네네마늘치킨반,순살후라이드반))",4,배터지게 먹고있어요.
테트리스찜닭-형곡점,"올해브랜드대상 까만찜닭（뼈）/1(당면 선택(납작당면),맛 선택(보통보다맵게),사이즈 선택(반마리))",4,리뷰보고 주문했는데..당면이 잘못되서 연락드려서 새로받았어요 너무 맛있었는데...재료가 없다고 상의연락 한번없이 찜닭 구성 재료를 바뀌어 전화연락을하니 재료가 떨어져 바꿨다고 너무 당당히 이야기 하신부분에선...실망이 크네요
강남족발,왕족발/1(사이즈 선택(중（2~3인분）＋콜라500mL)),3,"족발 넘 맛있어서 막 흡입중에 서비스로 주신
전을 먹다보니 머리카락 발견 뜨악 ㅜㅜ
머리카락도 같이 전부치셨네요 ㅎㅎ
조심 좀 하셔야겠어요"
우쿠야-미금점,"냉모밀SET1（냉모밀＋왕새우튀김 1개）/1,탕수육 미니/1",5,제일 맛있어요 ㅎㅎ 미니탕수육인데 양이 많아서 놀랐어요 ㅋㅋ
배달의쌀국수-건대점,"세트4（소고기쌀국수＋볶음밥）/1(고기 선택(양지),볶음밥 선택(나시고랭),쌀국수 추가 선택(청양고추 추가))",5,"쌀국수 국물이 뜨거워서 약간 식혀서 먹어야 할 정도로 배달 빨랐습니다
양도 적당하고 맛도 괜찮았어요
또 시켜먹을 생각입니다"
가락시장나래수산,"광어, 참돔/1(사이즈 선택(小),추가 선택(매운탕세트（생선뼈＋다데기＋새우,조개＋탕야채）)),초고추장/1, ""업그레이드""쌈장/1(수량 선택(1컵)),초생강＋락교/2(수량 선택(1컵))",4,잘 먹었습니다~~~
요리왕,고추짬뽕밥/1,5,푸짐한 내용물에 배 터짐요~
어도아구찜해물탕,아구찜/1(사이즈선택(大)),3,"다 좋은데 김치는 정말 화납니다
아예 주지마세요"
네네치킨-정자점,순살치즈스노윙치킨/1,5,잘먹겠습니다! 아이들이 좋아해요
강남족발,매운불족발/1(매운불족발(소（2인분）（음료별도）)),4,양도 적당하고 맛있어요 ! 근데 막국수는 완전 별로에요 ㅠㅠ
맛자랑24시찜닭닭도리,닭볶음탕/1(닭볶음탕 사이즈 선택(小)),4,맛도 배달도 조았는데 아주맵게를 부탁드렸는데 ..맵지안아서..그거 빼고는 만족합니다.
장독대김치찌개-선릉점,"장독대 김치찜 정식/2,장독대김치찌개 （1人）/1",3,김치도 알 맞게 잘 익어서 아주 단백했읒니다!
한솥도시락-동천역U타워점,"칠리 찹쌀탕수육도련님/1,치킨마요/1,소고기 육개장/1,감자고로케（5개입）/2",3,밑반찬이 조금 딴곳보다 약한느낌ㅜ
강남족발,"왕족발/1(사이즈 선택(대（3~4인분）＋콜라500mL)),함흥물냉면/1",1,"족발진짜 진짜  맛없네요.
상추는 다상하고. . . 진짜별로"
빅스타피자-서울건대점,"반반피자 20,900메뉴（XXXL46cm）/1(반반피자선택1(슈퍼콤비네이션피자),반반피자선택2(달콤구마 피자),토핑 추가선택(치즈크러스트 추가 （115g）),사이드 추가선택(치즈오븐스파게티 추가),음료&소스 추가선택(사이다 1.25L))",5,배달 빠르고 피자 맛있어요. 박스가 반으로 잘려있는거보고 첨엔 잘못 시킨 줄 알았는데.박스에 써있는거보고 이해했네요.
작품파스타&피자,"피자＋파스타＋코카콜라 245ml＋수제피클 제공/1(콜라선택(코카콜라 캔 245ml),피자선택(모짜렐라 마르게리따 피자),파스타선택(알리오올리오 파스타),음료 추가 선택(코카콜라 1.25L))",1,"모짜렐라 피자는 토마토가 녹아서 박스가 흥건하게 젖어서 왔고, 알리오올리오 파스타는 태어나서 먹어본 파스타 중에 가장 맛이 없었습니다. 면은 불었고 기름을 잔뜩 흡수해서 니글니글한 맛밖에 나지 않아서 한입 먹고 버렸네요."
멕시카나-화양점,"순살반반/1(순살반반 선택(순살후라이드 반,순살양념치킨 반),음료(콜라추가500ml))",5,"또시켜먹었어요

맛있게 잘 먹었습니다"
파스타입니다-용인수지점,"（곧 1위 될）우삼겹 짬뽕파스타/1(맛 선택（기본~칼칼）(기본),음료 추가선택(코카콜라（355ml） 뚱캔)),（곧 1위 될）우삼겹 짬뽕파스타/1(맛 선택（기본~칼칼）(매콤1단계))",3,"잘먹었습니다. 근데 60분걸린다하고 35분만에 오셔서 바로 먹지는 못했어요. 밖에있었어서  시간계산 하고 미리 시킨건데 10-15분정도 차이도 아니고 너무 일찍오셔서요. 게다가 면요리인데 예상시간이랑 너무차이나네요. 차라리 불지않게 조금 늦게오는게 낫죠. 무조건 오래걸린다고 하고 빨리 오면 마냥 좋은게 아닙니다. 
그리고 이 메뉴는 기본맛도 맵고 1단계는 많이 맵네요. 나쁘지 않았지만 맛자체가 “매콤”아니고 그냥 매움. 배달 파스타인데 가성비 좋다는 느낌은 못받았어요."
원할머니보쌈-구미형곡점,"의성마늘떡보쌈/1(보쌈사이즈선택1(중 （생육710g이상,수육500g）))",4,배부르게 잘 먹었습니다~~~!
테트리스찜닭-형곡점,"순살 하얀 찜닭/1(당면 선택(납작당면),맛 선택(보통맛),찜닭 선택(까만찜닭 보통맛),사이즈 선택(반마리),음료 추가선택(스프라이트 500mL 로 변경))",5,항상 잘먹고 있습니다 다음에 또 주문할게요
배달의쌀국수-건대점,"세트4（소고기쌀국수＋볶음밥）/1(고기 선택(양지),볶음밥 선택(새우볶음밥),쌀국수 추가 선택(청양고추 추가))",5,진짜 존맛탱이구 양많아요. 친구랑 둘이서 먹고 소주4병 깠습니다 보통 국물 식으면 맛 없잖아요? 이건 식어도 맛있어요..보증합니다..그리고 전자레인지에 돌리면 다시 뜨거워져요.. 근데 맛있어요.. 양 많고 맛있어서 가격이 아깝지 않습니다. 꼭 드셔보세요 리뷰 엄청 보고 판단하기까지 오래걸렸습니다. 리뷰이벤트가 없는데 댓글을 이렇게 단다? 의심하셔도 소용없습니다 그럼 저 혼자 몰래 먹을거에요 히히
배달의쌀국수-건대점,소고기쌀국수/1(고기 선택(차돌)),4,"맛도 무난, 배달도 적당, 양도 적당~"
파스타레토,"토마토핫칠리씨푸드파스타/1,마늘빵（5개）/1,미니샐러드 /1",3,자주먹는집이배달준비중이라시켰는데 쏘쏘~~해물이없넹
스피드박스,"소고기미역국정식/1,녹돈목살김치찌개/1",3,맛있고 양도 많고 배달도 빨랐는데 배달 용기가.. 뜨거운국이 비닐봉지에 싸여 배달되는데 너무 찝찝했어요. 요새 전자레인지 가능한 마크 찍힌 플라스틱 용기도 나와 있는데 말이에요. 이것만 아니면 단골될 각인데 아쉽습니다.
설빙-강남역2호점,"인절미설빙/1(스푼선택(스푼 2개)),인절미꿀떡/1,딥초코츄러스/1",4,"인절미설빙이 맛났다.생각나는 맛! 고소하고 부드러움.떡 토핑도 말랑해서 좋았고,인절미 가루도 충분하다.
인절미꿀떡은 꿀떡에 인절미가루가 따로 따라온다.
다만 꿀떡의 소스가 계피향 같은것이 꾀 진하다.
딥쵸코 츄러스는...기름에 누진맛? 만든지 오래된듯..역시 츄러스는 갓 만든것을 사먹어야하나..
초코맛도 별로안나고..
다만 따라온 찍어먹는 초코 소스가 진하고 맛다.
생딸기 쥬스는 착한 맛! 약간 단듯 했으나 맛났다.
건강해지는 느낌이랄까? 어쨋든 맛남"
빅스타피자-서울건대점,"반반피자 18,900메뉴（XXXL46cm）/1(반반피자선택1(달콤구마 피자),반반피자선택2(고르곤졸라)),연유바게트/1,콜라 1.25L/1",4,평소에 자주 시키는데 오늘은 고르곤졸라에 끌이 안 왔네요 이제 별도로 판매하나요
포메인-분당오리역,"해산물 팟타이/1(식기 선택(일회용숟가락,젓가락포함))",3,그냥 쏘쏘합니다~
나혼자돈까스왕,"수제고구마치즈돈가스세트（수제고구마치즈돈까스＋반우동 or 반냉우동 中 택1）/1(메뉴 선택(반냉우동)),콜라 500mL/1",4,맛있었어요. 고구마치즈돈까쓰는 고구마가 엄청 마니들어가서 달아요. 담엔 치돈먹오볼래요
정봉자당진아구동태찜탕,1인아구찜 /1(맛 선택(순한맛)),5,맛있고 양도 많아요~!! 추천합니다^.^
불맛돼지-1호점,삼겹살/1(사이즈 선택(1人-250g)),2,아니 전화는왜안되나요
맛자랑24시찜닭닭도리,"안동찜닭/1(사이즈 선택(小),사리추가(당면사리)),공기밥  /1",3,여기 닭전문점은아닌거같네요
취홍-강남점,2세트（탕수육＋쟁반짜장2인＋만두）/1,2,"중국집 생각날때마다 시켜먹던 집인데 
쟁반짜장은 기름이 가득 가라앉아있고 느끼합니다
그나마 탕수육이 먹을만했는데 그건또 예전보다 양이 작네요
이번에 실망입니다"
배달삼겹돼지되지-구의점,"오리지날/1(사이즈 선택(솔로 （250g）),고기 선택(삼겹살),음료 선택(콜라))",4,정갈한 음식 잘먹었습니다
원할머니보쌈-구미형곡점,"모둠보쌈/1(보쌈사이즈선택4(소 （생육500g이상,수육350g）))",5,또 시켜먹고 싶은맛이었네요
KFC-세종대점,"커넬콘소메블랙라벨 1조각/1,맥앤치즈볼 4개/1,신갓쏘이치킨 1조각/1,타워버거/1,코울슬로/1",2,"너무 짜고 다 식어서 왔어요ㅠ
미리 만들어 놓은거 주신 것 같은데 식은채로 먹으니까 더 짰네요,, 치킨은 여러뭐로 아쉽,,"
김가네-정자역점,"소고기김밥/1,소불고기 덮밥/1,콩국수/1",5,"소불고기 덮밥은 여기 다른 음식에 비해 간이 약해요.
뚝배기불고기 비슷하게 달고 짭조름한 맛이 가미되고 국물도 자작하면 좋을 것 같습니다.
다른 메뉴는 맛있게 잘 먹었습니다."
장독대김치찌개-선릉점,장독대 김치찜 정식/1,2,"김치는 맛있는데
고기는 제육과 김치찌게에 있는 모든 고기에서 먹기 힘들 정도로 냄새가 너무낫음니다
다음부터는 좀 좋은 고기를 사용해주시길 바람니다"
얌얌떡볶이-본점,"매운맛/2,찰순대만/1,김말이（3개）/1,고추튀김（2개）/1,불고추김밥/1",3,배달원분은 친절하셨는데.. 떡볶이랑 순대는 미리 포장해놓은걸 전자레인지에 돌린거 같네요 튀김도 그닥.. 다시 안시킬듯
원할머니보쌈-구미형곡점,"의성마늘떡보쌈/1(의성마늘떡보쌈 사이즈선택(중 （생육710g이상,수육500g）)),콜라1.25L/1",5,"양도 푸짐하고 깨끗한 포장 너무 좋았어요~~
맛도 물론 이였구요!!"
작품파스타&피자,"1인 Set메뉴（피자＋파스타＋코카콜라 245ml＋수제피클 제공）/1(콜라선택(코카콜라 캔 245ml),피자선택(고르곤졸라피자),파스타선택(까르보나라 파스타))",4,파스타 맛있어요 근데 피자는 늦게 먹어서인지 그냥 그러네여 보통
장독대김치찌개-선릉점,장독대김치찜/1,2,맛있는데 양 왜이러죠ㅠㅠ 혹시 고기 잘라두시고 깜빡하고 안넣으셨나요 김치 위에 두조각 달랑 있어서 아래에 고기가 깔려있나보다 했는데 암것도 없네요...??ㅜㅜ 밥 두숟갈 먹고 김치랑 먹엇어요ㅜㅜ...
정봉자당진아구동태찜탕,"순살아구찜（순살100%,뼈없음）/1(사이즈 선택(小),맛 선택(매운맛))",3,맛은 있는데 양이 너~~~~무 적어요....
가락시장나래수산,해물모둠（전복＋멍게＋해삼＋개불）/1,2,"35000원짜리 해산물 세트가 양이 너무적어 몇젓ㄱㅏ락으로 끝인데..
배달비만9500원..살다보니 별일다있음"
파스타레토,"감베로니파스타/1,비프치즈그라탕/1",3,"감베로니엔 껍질있는 새우 두마리가 있어요 소스는 묽음
비프치즈그라탕 양이 엄청 많긴 한데 고기는 그냥 토마토소스에 갈아져 있는 느낌? 씹히는게 거의 없어요"
육회한연어-건대점,혼술세트1/1,5,늘 맛있게 먹고있어요~ 신선하고 배달도 빨라서 너무 좋아요ㅎㅎ
강남족발,"보족세트（족발＋보쌈）/1(보족세트 사이즈 선택(중（2~3인분）＋콜라1.25L)),냉메밀막국수/1",2,"배달 1시간 20분 걸렸구요.
고기 상태가 좋지 못한거 같아요..
살들이 종이같아요.
기름이 뭉쳐서 고여있구요.
양도 썩 많지 않네요..."
파스타레토,"봉골레파스타/1,콘샐러드/1,미니샐러드 /1",3,맛있는데 너무 매워요.. 이정도로 매울거면 맵다고 표기좀 해 주셨으면 좋겠네요. 그리고 용기가 너무 새네요..
파스타레토,"크림스파게티/1,치즈스틱（7개）/1,치킨텐더（5개）/1",3,배달은 빠른데 크림 스파게티가 조금 싱거워서 아쉬웠어요~~
취홍-강남점,"삼선짬뽕밥/1,세가지맛1（탕수육＋짜장＋짬뽕）/1(곱빼기 추가(곱빼기 추가))",2,삼선짬봉밥 시켰는데 양파 두개 썰어넣은듯 양파만있고 해물은 거의 없네요. 이게 뭔가요. ㅠㅠ아들이 양파 걷어내 전 사진. 걷어낸후 사진. 걷어내고나니 국물만 횡하니... ㅠㅠ 사춘기아들의 잔소리만 엄청듣고 치킨 다시 시킵니다
스피드박스,"스팸김치찌개/1,모듬치즈떡볶이/1,라면사리추가/1",1,❌❌❌❌❌❌❌❌❌❌
파스타레토,"양송이베이컨파스타/1,치즈오븐스파게티/1,미니샐러드 /1",1,"사진하나만 남기고갈게요

먹다가 입에서 고무줄이 나왔네요 

리뷰같은거 처음 써봅니다"
설빙-강남역2호점,인절미설빙/3,2,설빙 빙수는 좋아하니까 맛에대한 평가는 제외하고... 배달이 2시간이 걸리니.. 바쁘면 주문을 받지말아야죠 ..배달비8500원까지 지불했는데 정확히 2시간10분만에도착..
버거킹-분당상록점,"치즈렐라와퍼 세트/1(음료변경(코카-콜라R（변경 없음 ）),사이드변경(프렌치프라이（R）)),21치즈스틱/1,콘샐러드/1",1,뭐하나 빠트리는게 컨셉인 가게 할인행사하니까 바쁠테니까 그러려니싶다가 저번에는 또 콜라가 안왔길래 기분이 상해 6번의 전화연결시도끝에 콜라 배달받았는데 오늘은 콘샐러드가 안왔네요 영수증에 형광펜으로 밑줄까지 치셨던데 .. 가끔 매장가서도 먹기에 직원분들 친절하신걸 알지만 신경 쓰셔야할것같네요
버거킹-건대입구역점(24),"화이트갈릭와퍼 세트/1(음료변경(아이스아메리카노),사이드변경(프렌치프라이（R）)),콰트로치즈와퍼주니어/1,통새우와퍼주니어/1,코코넛쉬림프3조각＋칠리소스/1,아이스초코/1",4,"흠 맥날에서 나왔던 창녕갈릭버거의 대항마인가 싶어 시켜봤는데 마늘향/맛은 확실히 덜 하고, 그냥 햄버거로선 음 한끼 정도 입니다. 토핑이 맥날 고기마카롱마냥 없진 않으니 그건 다행입니다."
스피드박스,"일본식생돈까스정식/1,감자칼국수/1",2,"칼국수면을 따로 주시지.다불어서 흐물거려 끊어져요.ㅠㅜ  돈까스소스가 너무 신맛나서 별로에요.
개인적으로 신맛은 진짜싫음. 김치도 신김치. 다른 동종 앱에서는 리뷰보니 스피드박스에서 반찬으로 김치전도 제공되던데 여기 같은곳 아닌가요? 안주시는건지 빠뜨리신건지. 반찬뜯는 따개도 안왔고 전체적으로 별로였어요
다신 안시킬것 같아요"
강남족발,"보족세트（족발＋보쌈）/1(보족세트 사이즈 선택(소（2인분）)),비빔냉면/1",2,다신 안시켜먹을생각임..다 버림..ㅠ
KFC-세종대점,"고추콰삭치킨 8조각/1,타워버거/1",5,고추과삭치킨 완전 사랑해요~
설빙-강남역2호점,"인절미마카롱설빙/1(스푼선택(스푼 2개)),딥초코츄러스/1",2,"배달 1시간반만에 와서는 추가배달료까지 요구
시키지 마세요"
장독대김치찌개-선릉점,짜글짜글 2人/1,2,"장난치나요 지금 한시간인데 
연락처 하나도 어뵤고 피드백 문자딸랑
이게익스프레스인가?이렇게 할거면 장사접으세요"
집밥으로우주정복,"우주정복고기도시락/1(고기도시락 선택(숯불삼겹살도시락),추가 선택(고기 100g 추가))",5,맛있게 잘 먹었습니다👍
맛자랑24시찜닭닭도리,"뼈없는 찜닭/1(사이즈 선택(小),사리추가(사리추가안함))",2,닭에서 냄새가 너무 ㅜㅜ
테트리스찜닭-형곡점,"올해브랜드대상 까만찜닭（뼈）/1(당면 선택(둥근당면（당면 추가불가）),맛 선택(매운맛),사이즈 선택(한마리),토핑 추가선택(삼각멘보샤 10개),음료 추가선택(스프라이트 500ml 로 변경))",5,"단골찜닭~
오늘은매운맛으로^^
깜짝서비스도.감사합니당"
나혼자돈까스왕,"수제 후레쉬 돈가스/1,수제 고구마치즈 돈가스/1",1,오래된기름으로 튀긴듯해요;; 까맣게 되있네요
테트리스찜닭-형곡점,"올해브랜드대상 까만찜닭（뼈）/1(당면 선택(납작당면),맛 선택(보통맛),사이즈 선택(반마리))",5,항상 여기에서 시켜먹어요~
나혼자돈까스왕,"수제 후레쉬 돈가스/1,수제 고구마치즈 돈가스/1,수제 치즈 돈가스/2,수제후레쉬돈가스세트（수제후레쉬돈까스＋반우동 or 반냉우동 中 택1）/2(메뉴 선택(반우동))",3,"음식은 맛있어요.
6개 주문했어요.
익스프레스로 1시간 걸려서 받았네여.
가게는 배차탓
고객센터는 음식늦은탓"
요리왕,탕수육정식（탕수육＋볶음밥＋짜장＋짬뽕국물）/1,3,"짜장면은 너무 불고 탕수육은 딱딱했어요
맛도 그냥 그랬어요"
첼리와비올라,"F정식（양많음）/1(소스 추가(일반소스),추가 선택(치즈 오븐으로 변경))",4,양도 엄청 많고 너무 맛있어요!!
원할머니보쌈-구미형곡점,"의성마늘떡보쌈/1(보쌈사이즈선택1(소（생육500g이상,수육350g）))",5,"포장용기에 담아오니 넘 깔끔하고 먹기도 편하네요.
맛있게 잘 먹었습니다."
육회한연어-건대점,육회 180g/1(추가선택(육회 100g추가)),4,"배달 잘못와서 1시간 40분걸렷는데
맛잇어서 화풀렷네요ㅡㅡ 제대로 배달해주세요 ㅡㅡ"
배달삼겹돼지되지-구의점,"오리지날/3(사이즈 선택(솔로 （250g）),고기 선택(삼겹살),음료 선택(콜라)),양념/3(사이즈 선택(솔로 （250g）),고기 선택(삼겹살),양념 선택(갈릭간장 NEW),음료 선택(콜라)),파삼겹/3(사이즈 선택(솔로),메뉴 선택(파무침삼겹),고기 선택(삼겹살),음료 선택(콜라))",5,처음 시켜봤는데 양도 많고 맛있었어요! 배달도 생각보다 빨라서 좋았습니다~ 추천이여
오태식해바라기치킨-송정점,"해바라기아줌마반반치킨/1(메뉴 선택(뼈),후라이드반 선택(후라이드반),양념반 선택(양념반을 레드로 변경),음료 추가 선택(추가없음)),치즈스틱（8개）/1",5,배달도 빠르고 정말 맛있게 먹었습니다! 다음에 또 시켜 먹을게요! 맛있는 음식 감사합니다ㅎㅎ
KFC-세종대점,"징거버거세트/1(사이드변경(비스켓교환),음료변경(콜라))",1,콜라 시켰는데 커피가 왔네요 카페인 못마셔서 다버렸어요
국수나무-수지동천점,"생면국수/1,새콤달콤비빔면/1,고구마치돈1줄/1",4,맛있게 잘 먹었습니다.
무국적식탁-광진점,고추미소 삼겹구이 도시락/1,1,주문한지 1시간째..음식이 올 생각을 안하네요
파스타입니다-용인수지점,（（HIT））얼큰해장파스타/1(맛 선택（기본~칼칼）(매콤1단계)),3,너무 싱거워요 …  싱거워 ..
파스타레토,"쉬림프알프레도파스타/1,김치치즈그라탕/1",1,처음에 배달올때 참숯바베큐봉지에 담겨서 왔길래 전 제가 시킨거 맞나 잠깐 생각했었네요 ㅋㅋ 그건 그렇다쳐도  파스타 그라탕 둘다 근데 정말 맛이 없어요 파스타는 너무 싱겁고 그라탕은 뭔맛인질 모르겠어요 시키기전에 리뷰에 안좋은 말이 쫌 있길래 취향문젠가보다 하고 넘겼었는데 ㅋㅋㅋㅋㅋ..양이많은거 그거 하난 좋네요
KFC-세종대점,"핫크리스피치킨 5조각/1,비스켓/1",3,..........
배달의쌀국수-건대점,소고기쌀국수/1(고기 선택(양지)),1,배달은 빠른데 소스가 빠졋네요
스피드박스,"참치야채죽/1,단호박죽/1",2,"호박죽을 시켜서 먹는데 너무 먹기가 힘들어요
죽이 아니고 도배할때 사용하는 풀같아요"
육쌈냉면-미금점,"물냉면＋숯불고기（70g）＋고기만두/1,비빔냉면＋숯불고기（70g）＋고기만두/1,냉육수 추가/2",3,"고기가 숯불고기맛이 아니라
장조림같은 느낌이랄까???....
배가 너무 고파서 먹긴했지만...
고기에 신경좀 .."
파스타레토,"토마토핫칠리씨푸드파스타/1,봉골레파스타/1,핫오일씨푸드파스타/1",2,"다른 해물은 그렇다해도 
바지락은 싱싱한거 쓰셔도 되잖아요
너무 심해~~~"
하오,"짬뽕/1,알뜰세트（등심탕수육＋짜장＋짬뽕）/1",5,배달도 빠르고 맛있게 잘먹었어요.
장독대김치찌개-선릉점,장독대김치찜/4,1,"매번 맛있게 먹었는데, 이번엔 김치가 너무 셔요ㅜㅜ"
집밥으로우주정복,"[강추]규동（우삼겹덮밥） /1,계란찜/1",2,맛이 너무 짜고 셨습니다.. 특히 양파가
취홍-강남점,세가지맛3（탕수육＋볶음밥＋짬뽕）/2,3,짬뽕은 불맛이남 조금 싱겁네요 탕수육은 고기가 너무두꺼워서 퍽퍽해요 찹쌀은 맛있는데 볶음밥은 넘맛있네요
버거킹-분당상록점,"콰트로치즈와퍼 세트/1(음료변경(코카-콜라 제로R),사이드변경(치즈프라이)),콰트로치즈와퍼주니어/1",5,맛있게 한 끼 잘 먹었습니다 ~
정봉자당진아구동태찜탕,"아구찜（부위별로 맛이달라 인기최고）/1(사이즈 선택(小),맛 선택(보통맛))",5,맛있어요!!!!!!!!최고예용
장독대김치찌개-선릉점,"장독대김치찌개 （1人）/2,계란말이/1",2,김치찌개는 고기는 살코기가 거의 없이 엄청 조금 들어있고 깊은 맛이 없습니다. 계란말이는 진짜 야채가 하나도 안 들어간 진짜 계란만 들어간 계란말이입니다..
지코바치킨-동천점,순살양념（보통맛）/1,2,"사장님께는 죄송하지만 너무 별로였습니다.
재료가 상했다거나 그런 건 절대 아니구요...
맛이 예상과 전혀 달랐어요.

이름은 '순살양념치킨'이고, 설명란엔 아무 설명도 없길래 당연하게 '일반적인 양념치킨 맛이겠구나-'하고 시킨건데, 무슨 매운 닭볶음같은 느낌으로 와서 매우 당황했어요.
그렇다고 양념이 맛있나? 그런 건 아니었어요. 똬리고추맛 + 짠맛 끝.... 하... 그냥 밥반찬 느낌...

저처럼 속아서 주문하는 사람 없게끔 맛설명, 매운맛 정도 설명 추가해주세요... 너무 돈아까워요..."
빅스타피자-서울건대점,"치폴레 쉬림프 디트로이트/1,반반피자 18,900메뉴（XXXL46cm）/1(반반피자선택1(하와이언 피자),반반피자선택2(콤비네이션 피자))",3,오랜만에 시켰는데맛이 변했습니다.
파스타입니다-용인수지점,"（Hit）스테이크 매콤크림파스타/1(매콤크림 맛 선택(기본)),베이컨 까르보나라 파스타/2(맛 선택(기본))",5,맛좋고 양도 푸짐하고 배달도 빨라서 좋았어요~
스피드박스,"매콤쫄면/1,산채비빔밥/1",3,비빔밥은 괜찮은데 쫄면이 맛이 없었네요.
설빙-강남역2호점,"프리미엄생딸기설빙/1(스푼선택(스푼 4개)),프리미엄생딸기설빙/1(스푼선택(스푼 1개))",1,"별1도 아까움
배달료 추가에 추가배달료명시했으니 주문하려면하고 아니면 취소해라?
매스컴을 한번 타셔야 될듯
요기요도 똑같네
주가배달료 현금만가능? 부득이 하먼  카드가능?
일부러 추가배달료 카드결제하라고했음"
스피드박스,"참치김치볶음밥/1,스팸김치볶음밥/2,물냉면/1",3,"제가리뷰쓰려고배달시켰습니다.어제배달주문하고 배달시간이오래걸려서배달을취소하려는데 요기요어플에서는음식점으로전화연결을 시켜주었습니다하지만음식점에서는주문완료가떠서 요기오에서직접취소하 않으면배달그대로나갈거라고 얘기하셨습니다.일단은알겠다하고바쁘셔서언성이좀 높구나생각습니다.그리고난뒤에요기오로취소를하고 취소가확인됐는지 음식을준비하고계시지않을까싶어 전화했는데신경질적으로대답하시고취소안됐다고 취소안되면주문나간다고확끊으시는겁니다. 
요기오취소됐길래다시전화했는데취소됐어요하고확끊으시더라고요.그냥해결됐는지에대한질문한거지만너무어이가없었습니다제가잘못했나싶더라구요"
파스타레토,"씨푸드크림파스타/1,마늘빵（5개）/1,미니샐러드 /1,콜라 500mL/1",4,가끔 파스타땡길때 시켜먹는데 꽤 맛나요!!
파파존스피자-분당정자점,위스콘신 치즈 포테이토 치즈롤 크러스트 L/1,4,외국적인 치즈 피자맛과 포테이토를 같이 느끼고싶다면 주문하세요
파리바게뜨-구미듀클라스점,"단백질 듬뿍 로스트치킨샐러드/1,치즈 듬뿍 바질 크로크무슈/1,달콤한 꿀도넛/1",5,샐러드 맛있어요! 테이크아웃했는데 준비도 빠르고 친절하셔서 좋았습니다😊
설빙-강남역2호점,"애플망고치즈설빙/1(스푼선택(스푼 4개)),인절미설빙/1(스푼선택(스푼 4개))",4,배달 엄청 빠르고 맛도 있었습니다
오태식해바라기치킨-송정점,"해바라기아줌마반반치킨/1(메뉴 선택(뼈),후라이드반 선택(후라이드반),양념반 선택(양념반),음료 추가 선택(추가없음))",3,맛잇어요!!!!!!!!!
설빙-강남역2호점,딸기치즈메론설빙/1(스푼선택(스푼 1개)),4,배달이 느렸지만 잘먹었습니다
테트리스찜닭-형곡점,"올해브랜드대상 까만찜닭（뼈）/1(당면 선택(납작당면),맛 선택(보통보다맵게),사이즈 선택(한마리),음료 추가 선택(변경 안함))",3,보통보다 맵게가 제기준에는 안매윘아요
박가족-장안점,朴家 족보 세트/1(사이즈 선택(족발（앞다리）＋보쌈（500그램）)),4,매번 족발은 여기서먹는데 오늘은 넘 실망이예요...족발도 다른때보다 퍽퍽하고 한시간도 넘게....안오고..많이속상하네요
강남족발,"보쌈/1(사이즈 선택(소（2인분）)),쌈 추가（상추5＋깻잎3）/3",1,"막국수에서 쉰네가 진동을 하네요 
그리고 마늘 고추 마니좀 달라고 했는데
기본만 왔네요 심히 실망이 너무 큼니다 
ㅠㅠ"
작품파스타&피자,"까르보나라/1(추가 선택(베이컨 추가)),하와이아나피자 （M）/1",1,"파스타 먹고 탈났어요.
맛있엇는데 안타깝네요."
배달의쌀국수-건대점,"세트9（매운쌀국수＋덮밥）/1(쌀국수 선택(매운소고기쌀국수（양지）),덮밥 선택(우삼겹덮밥),쌀국수 추가 선택(면 추가,청양고추 추가))",3,덮밥에 마요네즈 안뿌려져있네요...마요가 포인트인데
맛자랑24시찜닭닭도리,"닭도리탕/1(닭도리탕 사이즈 선택(小)),공기밥  /2",3,맛있었어요~~~^^
얌얌떡볶이-본점,"순한맛/2,찰순대만/1,튀말이（3개）/1,누드김밥/1,쿨피스930mL/1",3,"맛있게 잘 먹었어요~~
단지 순대껍질이 반으 다 벗겨졌고 질긴거 빼면요~~~"
파파존스피자-분당정자점,"스파이시 치킨랜치 오리지널 크러스트 R/1,파파스 파스타（화이트）/1",2,추천받아서 처음 시켜봤는데 토핑도 부실하고 치즈양도 적고 가격대비 값어치를 못하네요ㅠ차라리 냉동피자가 더 맛있네요! 이메뉴만 그런건지..기대하고 시켰는데 다신 안시켜먹을 듯ㅠ
맛자랑24시찜닭닭도리,"물만두/1,콜라 1.25L/1,삼계탕/1(마리 선택(1 마리))",4,삼계탕 공기밥 반공기 있다는 줄 알랐는데 그게 아니라 닭 안에 죽이 그거였나봐요...ㅎ 암튼 잘 먹었습니다
빅스타피자-서울건대점,페퍼로니 시카고피자（10인치）/1,1,"1. 피자가 다 식어서 왔습니다. 배달시간이 문제가 아니라 아마 다른집 다 들러서 제일 마지막에 오신듯하네요. 배달시간이 오래 걸리더라도 따뜻한피자를 먹고싶습니다. 딱딱하게 굳은 치즈가 실리콘 씹는것처럼 맛이없었습니다.

2. 배달원이 중얼중얼 아는형이랑 통화를하면서 피자를 건네줍니다. 뭐라고 중얼중얼 나한테말하는건지 통화를하는건지 알수없고 불쾌합니다.

앞으로 이런식으로 음식배달하시면 절대 주문안하겠습니다."
파파존스피자-분당정자점,페퍼로니 오리지널 크러스트 R/1,4,그냥 그래용 ㅜㅜ
맛자랑24시찜닭닭도리,"안동찜닭/1(사이즈 선택(小),사리추가(사리추가안함)),공기밥  /2",2,맛은 없는것같아요ㅠㅠ
버거킹-분당상록점,"더블화이트갈릭와퍼 세트/1(음료변경(코카-콜라L),사이드변경(프렌치프라이（R）)),롱치킨버거/1",1,"분명 요청사항에 케찹 5개이상 더 달라했는데 딸랑 하나옴.
저번에는 케찹 5개 달라니까 영양 성분표 5장을 줌.
이번까지 벌써 3번째임.
전화하니 일한지 얼마안되서 못봤다 함.
저번에는 바뻐서 못봤다더니 이젠 신입이라 못봤다니??
그럼 제대로 보는건 언제입니까?
기본적인 교육도 안하고 일시킵니까?"
동진초밥집,커플초밥 24p（활어2＋연어2＋육사시미2＋계란2＋타코와사비2＋롤2＋게맛살2＋소고기2＋장어2＋묵은지활어2＋새우장2＋초새우2）/1,5,이래도 안시켜드십니까?????  대존맛이네요 앞으로초밥은여기다
불맛돼지-1호점,불 삼겹살/1(사이즈 선택(2人-500g)),5,"배달 시간내왔구요..
실수로 불맛을 시켰네요..ㅜㅜ
너무 매워서 애들은 아예 못 먹고 어른만 겨우 먹었네요.
맵지만 맛있습니다. 다음엔 일반 삼겹으로 시켜야겠네요."
버거킹-건대입구역점(24),"치즈렐라 치킨버거 세트/1(음료변경(코카-콜라R（변경 없음 ）),사이드변경(프렌치프라이（R）)),코코넛쉬림프3조각＋칠리소스/2",1,3시간만에온배달 케찹이터진체온것
요리왕,깐쇼새우정식（깐쇼새우＋볶음밥＋짜장＋짬뽕국물）/1,5,"soso
~~~~~~~~!"
배달의쌀국수-건대점,"볶음쌀국수/1(추가 선택(면 추가)),세트4（소고기쌀국수＋볶음밥）/1(고기 선택(양지),볶음밥 선택(소고기볶음밥),쌀국수 추가 선택(면 추가),볶음밥 추가 선택(곱빼기 추가)),짜조 3개/1",4,"감사히 잘 먹었습니다. 짜조와 쌀국수 예술입니다.
재방문 의사 있습니다 ㅋㅋ
어린이 포함 셋이서 아주 초토화 시켰네요. 적은 양이 아니었는데. ~^^
사장님 번창하세요 ㅎㅎ"
설빙-강남역2호점,"인절미마카롱설빙/1(스푼선택(스푼 4개)),초코브라우니설빙/1(스푼선택(스푼 4개))",2,배달료 7천원은 아직도 황당하네요 그냥 직접 가서 인절미빙수하나 더먹지 누가 빙수를 7천원내고 배달시켜먹나요... 요기요 앱결제로 4천원내고 갑자기 전화와서 현장결제 3천원 추가로 하라니 너무 황당해서...; 배달료 계속 이렇게 받으시면 타격 크실거같아요
맛자랑24시찜닭닭도리,돼지곱창볶음/1(사이즈 선택(小)),3,냄새ㅜ찔겨ㅜ ㅜㅜㅜ먹다말움ㅜㅜㅜ
탕화쿵푸마라탕,"마라탕/1(사이즈선택(中),맛선택(순한맛1단계))",3,야채가 별로 안 들어있어서 아쉬웠습니다.
설빙-강남역2호점,"감파떡볶이세트/1,오레오초코몬스터설빙/1,팥앙금/1",1,"사장이 좀 도라이입니다.
배달와야될  앙금이 빠져서 전화하니 말을 길게 사시길래 그냥 앙금비 천원 환불요청드렸습니다.
어제 입금안됬길래 다시전화하니 뻔뻔하게 아그거~ 이렇게 말시작하길래 어이없어서 소리치니 전화바로끊어버리는 클래스..
와 몇번시켜먹었었는데 두번다시는안시킵니다 
정상아니네요"
원할머니보쌈-구미형곡점,"1인보쌈 주먹밥 세트/1,제육도시락/1",1,고기에서 냄새나요ㅡㅡ
불맛돼지-1호점,삼겹살/1(사이즈 선택(2人-500g)),3,"맛, 양 괜찮은데.
배송이 한시간 걸리네요..."
파스타레토,"씨푸드크림파스타/1,치킨텐더（5개）/1,콜라 500mL/1",1,내가해도 더잘하겠는  맛
취홍-강남점,간짜장/1(곱빼기 추가(곱빼기 추가)),4,적당한 중국집입니다.
장독대김치찌개-선릉점,"제육쌈밥 정식/1,장독대 김치찌개 정식（1人）/1",1,"정식 2개 시켰는데 공기밥이 안옴
햇반 사러감
전화 걸려고 해도 번호가 없음
행복하네"
장독대김치찌개-선릉점,장독대 김치찜 정식/1,2,너무..맛이없다...
얌얌떡볶이-본점,"중간맛/1,왕가래떡/1(맛선택(중간맛)),맑은오뎅탕/1,찰순대만/1,튀오뎅（5개）/1,오징어튀김（4개）/1",5,맛있어요 언제나 옳아요
가락시장나래수산,광어/1(사이즈 선택(中)),3,음식이 맛있고 서비스도 좋았습니다
파스타레토,"양송이베이컨파스타/1,봉골레파스타/1,마늘빵（5개）/1",3,....뭐라 드릴말이 없습니다
설빙-강남역2호점,"티라미수설빙/1(스푼선택(스푼 1개)),모짜렐라인절미토스트/1,한입쏙붕어빵（슈크림）/1",2,"맛과 양은 정말 좋지만....
배달이 늦어도 너무 늦어요..강남에서 양재인데...걸어서도 30분 안팍인데....
한시간이 지나서 전화했더니 그제야 출발이라니....
배달비도 너무 많고....정말 주문취소 하고 싶었지만 꾹 참았습니다...."
요리왕,"간짜장/1(곱빼기 추가(곱빼기 추가)),물만두/1",3,그냥저냥 먹을만 하네요..
라라돈까스,"등심 돈까스/1,치즈 돈까스 6p/1,코돈부르/1,우동/2",4,"배달이 아주 많이 늦어서 치즈가 좀 굳긴 해도 나름 맛있게 먹았습니다
더 따뜻하게 먹으면 더 맛있을거 같네요"
설빙-강남역2호점,"플레인크로플/1,플레인와플/1,모짜렐라인절미토스트/1,인절미토스트/1",2,"맛있게 먹고 있는데 머리카락 나왔어요. 다음부턴 주방직원들 위생에 좀 더 신경 써주셨으면 합니다.
맛은 좋아요."
장독대김치찌개-선릉점,장독대 김치찜 정식/1,2,"배달은 빨리왔지만 메뉴가 잘못옴
(김치찜 시켰는데 찌개가옴)
연락처가 없어 고객센터 통해 겨우 연락하였으나
어떡하냐고 가격이 같은거니까 그냥 드시라고 하셔서 응대가 너무 아쉬움"
무국적식탁-광진점,얼큰 차돌순두부찌개/1,4,맛나게 잘 먹었어요~~^^
장독대김치찌개-선릉점,제육쌈밥 정식/1,3,맛있게 먹었어요^^~
스피드박스,"일본식생돈까스정식/1,스팸김치찌개/1,떡만두국/2,냉쫄면/1,만두국＋공기밥/1",2,"전혀
안스피드합니다.
맛도 그저그럼"
강남족발,왕족발/1(사이즈 선택(소（2인분）)),1,그냥그래여 양은많아요
박가족-장안점,"朴家당일삶은왕족/1(사이즈 선택(특대),사이드 추가선택(막국수 大 추가)),朴﻿家NEW흑마늘보쌈朴﻿家/1(사이즈 선택(특대))",1,"족발특대 보쌈특대 시켰는데 
양이 그냥 그저 그렇네요
백김치는 무슨 휴지마냥 생겨서 
손도 안댓고요. 막국수는 짜요
족발은 그저 그런데 마늘소스
같이 주신거 찍어 먹으면
맛있어요
그나마 보쌈은 맛있어요

가격대비 완전 별로 입니다."
파스타레토,"양송이베이컨파스타/1,치킨텐더（5개）/1,콘샐러드/1",2,"스파게티 너무 뻑뻑해요ㅠ
치킨텐더는 맛있네요 바삭하고"
장독대김치찌개-선릉점,장독대 김치찌개 정식（1人）/1,3,그냥 맛은 보통입니다.
설빙-강남역2호점,패밀리세트/1(스푼선택(스푼 1개)),2,맛은 없지 않았지만 배달료가8000원이라니 안사먹거나 다른곳으로 시키는게 좋을듯요
KFC-세종대점,"타워박스/1(사이드변경(케이준후라이（L）),음료변경(콜라)),불고기버거/1",1,배달 걸린시간도 1시간10분이나 걸리고 햄버거 치킨 다 식어서 눅눅한 상태로 왔네요 또 포장을 어떻게 한건지 찢어져있고 괜히 시킨거 같습니다 다신 안먹어요
설빙-강남역2호점,인절미마카롱설빙/1(스푼선택(스푼 4개)),1,"배달은 소요시간 60분 잡고도 그것 보다 늦게 와서 전화 드렸는데 마감 하셔서인지 끊어버리고 안 받으셔서 몇 번 드렸는데 좀 있다 도착하더라고요. 바쁘신데 여러번 전화해서 죄송해요. 선결제라서 혹여 다른 곳으로 갔나해서 노심초사 했어요..
배달이야 배달 업체가 하니까 늦는 건 이해해요ㅠㅠ
새로운 메뉴 나왔길래 주문했는데 인터넷에서 본 건 마카롱이 많았는데 쬐금밖에 없길래 지점마다 다른 건가 해서 쪼금 아쉬웠어요ㅠㅠ 그래도 너무 맛있어요 감사합니다."
작품파스타&피자,해물토마토리조또/1,3,"개인적으로 버섯을 싫어해서 버섯토마토 리조또 말고 해물 토마토 리조또를(버섯이 없을 줄 알고)시켜먹었는데 버섯이 굉장히 많았어요... 버섯이 큰 버섯이고 향도 리조또에 많이 베어 있어서 굉장히 먹기 힘들었습니다 결국 남겼네요
배달은 정말 빨리 와주셨습니다"
취홍-강남점,탕짬면/1,2,"여기 거의 일주일에 한번은 시켜먹는데
배달원이 쉣킷쉣킷 하셨는지
탕수육이 짬뽕에 절여져옴 ...
매콤 탕수육.."
설빙-강남역2호점,"치즈설빙/1(스푼선택(스푼 3개)),모짜렐라인절미토스트/1,한입쏙붕어빵（슈크림）/1,딸기에이드/1",2,모짜렐라인절미토스트🤢🤢🤮
강남족발,왕족발/1(사이즈 선택(소（2인분）（음료별도）)),1,ㅡㅡ 냄새나고 아님
장독대김치찌개-선릉점,장독대김치찜/1,4,김치찜 부드럽고 맛있어요 비계 반반인 부분 고기 특히 맛있구 살코기도 부드러운 편이에요. 근데 밥 열구 바로 고춧가루인지 저런게 있는데.. 뭐 이런 시국에 밥 재활용은 아닐거라 밑어요. 살짝 찝찝했지만 잘먹었어요
멕시카나-화양점,"반반치킨/1(반반 선택(후라이드 반,양념치킨 반))",5,멕시카나 양념 너무 맛있어요!!
파스타레토,"감베로니파스타/1,양송이베이컨파스타/1",1,가격대 비해 재료에 성의가 너무 없네요.
장독대김치찌개-선릉점,장독대 김치찜 정식/1,2,왠만해서 안 좋은 말 안쓰는데..전체적으로 좀 그렇네요;;;;;
버거킹-건대입구역점(24),"통베이컨와퍼/1,리얼 와퍼/1",1,"1. 문앞에서 전화달라했는데 안하심
2. 왜 빵이 검정색이 아니쥬?"
정봉자당진아구동태찜탕,알탕/1(조리 or 비조리 선택(조리)),4,맛있어요 다음에 또 주문할게요
동진초밥집,"초새우 2p/1,묵은지활어 2p/4",3,저번에도 그러고 초밥에 날치알? 고춧가루? 같은게 묻어있었어요..위생 조금만 더 신경써주시면 감사할 것 같아요
취홍-강남점,탕짜면/1,1,늦은 저녁시간이라 여기밖에 시킬 곳 없어서 주문해봤는데 최악이네요. 면이 불어터진 거는 배달이니까 그렇다쳐도 자장면 소스가 없어서 비빌 수가 없는 경우는 처음이네요. 싱겁고 맛이 안나요. 탕수육 맛은 보통인데 8조각 있네요. 이 음식을 12000원 주고 다시는 배달시켜 먹지는 않을 것 같아요.
파스타레토,"양송이베이컨파스타/1,치킨텐더（5개）/1,마늘빵（5개）/1",2,맛이 없어여...앞으론 안시켜먹을게요
강남족발,"보족세트（족발＋보쌈）/1(보족세트 사이즈 선택(소（2인분）（음료별도）)),공기밥/2",4,맛있습니다 ㅎ 시켜드세요
김가네-정자역점,"비빔밥/1,물냉면/1",1,물냉면이 물이 없어요 비빔밥은 맛있었어요 배달은 최악이네요
정봉자당진아구동태찜탕,알탕/1(조리 or 비조리 선택(조리)),4,김치전 서비스랑 같이 먹으려구 밥 김치 안주셔도된다구한건데ㅜ
파스타레토,"토마토핫칠리씨푸드파스타/1,양송이베이컨파스타/1,치킨텐더（5개）/1,마늘빵（5개）/1",1,해감을 어떻게했길래 조개마다 돌이 다씹히고 안되겠다싶어 면을 먹었는데 버석버석한거죠ㅋㅋㅋ 소스에서 모래알갱이 씹히는 씨푸드파스타 처음먹어보네요 아주 잘먹었습니다
스피드박스,"해물크림소스스파게티/1,소고기미역국정식/2,녹돈목살김치찌개/1,산채비빔밥/1,불고기비빔밥/1",3,찌개를 세개시켰는데 공기밥은 두개만와서 햇반먹었어요.
버거킹-분당상록점,"콰트로치즈와퍼 세트/1(음료변경(코카-콜라R（변경 없음 ）),사이드변경(프렌치프라이（R）)),리얼 와퍼 세트/1(음료변경(코카-콜라R（변경 없음 ）),사이드변경(프렌치프라이（R）)),불고기와퍼세트/1(음료변경(코카-콜라R（변경 없음 ）),사이드변경(프렌치프라이（R）))",5,감사합니다 맛있게 잘먹었습니다
국수나무-수지동천점,"냉치정식（냉국수＋미니치즈돈까스）/1,오리엔탈오므라이스/1",3,"배달요청에 공동현관 눌러달라고 부탁드렸지만 벨을 누르셨네요 이럴거면 배달요청 안썼습니다
맛은 그냥 보통이었고 양은 괜찮았어요"
김가네-정자역점,"스팸김밥/1,치즈라볶이/1",4,배달도 빨리왔고 맛있었어요
설빙-강남역2호점,"애플망고치즈설빙/1,팥인절미설빙/1",1,"거기 문 내리시죠. 팥인절미빙수에  팥이 빠져서  통회하니 오래기다린고객님이라며 죄송하다네요, 그러면서 팥이 빠졌다고하니 어떻게할까요? 팥을갖다드릴까요? 환불해드릴까요?  하길래 빙수다녹는데 팥언제받냐고하니 냉장고얼리면된다나? 그래서 팥인절미빙수와 그냥인절미  빙수차이가 천원이라서 그냥 환불해달라고, 요기요센터에 시키셨냐며 묻길래 그렇다고 하고 빙수 그냥 다먹었는데  기가막히게 퀵이라며 전화왔다 팥이왔다. 고객을 기만하고 가족들이 모여서 한참같이 전화통화했는데 얼토당토않는 말로 황당하기 그 지없다.그여자분 절대본인신분알하지않던"
스피드박스,"김치볶음밥/2,참치김치찌개/1,콩비지찌개/1",4,김치볶음밥.   최고의맛
라라돈까스,"치즈 돈까스 6p/1,우동/1",5,맛있고 포장상태도 아주 좋아요~
파파존스피자-분당정자점,위스콘신 치즈 포테이토 오리지널 크러스트 L/1,2,음..일단 짜고 양도 가격대비 너무 작았어요
강남족발,보쌈/1(사이즈 선택(소（2인분）（음료별도）)),2,노답 벌레나옴 점심으로 먹고 지금 폭풍 설사중
장독대김치찌개-선릉점,"장독대 김치찜 정식/1,제육쌈밥 정식/1,장독대 김치찌개 정식（1人）/1",2,김치찌개가 맛없을수 없는 음식인데....아닌걸로 김치찜은 너무 짜고(원래 짜게 먹는데..이건뭐..).. 제육은 무난 참고하세요.
맛자랑24시찜닭닭도리,마산아구찜/1(사이즈 선택(小)),3,배달이 1시간30분 넘은거 빼고는 잘먹었어요~
정봉자당진아구동태찜탕,1인아구찜 /1(맛 선택(보통맛)),4,다 먹고 설거지 해버려서 사딘 캡쳐했는데 사진과같이 내용물이 풍성하진 않지만 더워서 입맛 없었는데 매콤하니 잘 먹었습니다
설빙-강남역2호점,"팥인절미설빙/1,인절미설빙/1,씨앗호떡/1,플레인와플/1,한입쏙붕어빵（팥）/1",2,2키로도 안되는거리에 배달비 4천원도 모자라 현장에서 500원을 더내라하니 개선이 필요해 보입니다
장독대김치찌개-선릉점,"장독대 김치찜 정식/1,공깃밥/2",3,별로........
파스타레토,"쉬림프알프레도파스타/1,치즈스틱（7개）/1,마늘빵（5개）/1,콜라 1.25L/1,생수 2L/1",4,잘먹었어요 바게트는 너무 맛있고 치즈스틱이 뭔가 겉이 두꺼운 느낌?
설빙-강남역2호점,"초코브라우니설빙/1(스푼선택(스푼 2개)),인절미토스트/1,인절미떡/1",2,배달 늦고 맛도 없고 주문하지 마세요
스피드박스,"수제 함박스테이크/2,공기밥/1,스프라이트 500mL/2",1,아니 뭐하는구죠 예정 도착시간보다 지금 20분이나 지났는데 아직도 배달 안왔는데;; 환불을하시든 해주셔야 하는거 아닌가요? 뭐하는거죠?
정봉자당진아구동태찜탕,"해물찜（사장님강력추천）/1(사이즈 선택(小),맛 선택(보통맛))",4,"저번에 맛있게 먹은터라 다시 시켰지만 
비가와서 30분이상 늦어서 그런지 맛이 텁텁 했네요"
파파존스피자-분당정자점,소시지 레볼루션 골드링 크러스트 L/1(추가 선택(파파스 파스타（미트）)),1,신제품이라는데. 너무 짜고 먹은 피자 중에 제일 별로입니다.  파스타도 짭니다.
맛자랑24시찜닭닭도리,마산아구찜/1(사이즈 선택(小)),1,아니 아구찜이 왜이렇게 달아요..달지않았으면 딱 좋았을텐데..닭도리탕은 맛있게먹었었는데 아구찜은 영 별로네요
원할머니보쌈-구미형곡점,"의성마늘떡보쌈/1(보쌈사이즈선택1(소 （생육500g이상,수육350g）))",5,잘 먹었습니다~~  배달도 빨라요
맛자랑24시찜닭닭도리,제육볶음/1(사이즈 선택(小)),3,맛있게잘먹었습니다또주문할게요
장독대김치찌개-선릉점,"장독대 김치찜 정식/1,계란말이/1",1,"기재된 배송요금과 상이한 결제금액과 2분후 도착이라고 나와서 내려가니 22분뒤라고 떠서  올라오니 5분뒤  기사님왓다고 하는건 요기오의 문제라고 생각되더라도 주문한음식에 계란말이는 빠져서 오고 금액은 포함된건 매장쪽실수인가요? 또 요기오의 문제인가요?
식당전번도없어 확인도안되더군요"
정봉자당진아구동태찜탕,"해물찜/1(사이즈 선택(小),맛 선택(보통맛))",5,"아구찜만 주문하다  지난번 해물찜 주문해보고
맛있어서 재주문했어요.
아쉬운점은  요즘처럼 가게에 가기 어려운데
가게처럼  반찬도 좀더 다양하게 주셨으면
좋겠습니다."
요리왕,깐쇼새우정식（깐쇼새우＋볶음밥＋짜장＋짬뽕국물）/1,5,양은 엄청많아요. 제가 생각했던 맛이랑 다르게 좀 시큼한것 같아요. 그래도 맛있어요
파스타입니다-용인수지점,"（매출2위）우삼겹 알리오올리오 파스타/1(맛 선택(기본)),（（HIT））얼큰해장파스타/1(맛 선택（기본~칼칼）(기본)),베이컨 까르보나라 파스타/1(맛 선택(기본))",5,너무 맛있게 잘먹었습니다
장독대김치찌개-선릉점,장독대 김치찌개 정식（1人）/1,4,멋나게 잘먹었어요 첫번째 배달보다 나아진거같아요
배달의쌀국수-건대점,"소고기쌀국수/2(고기 선택(양지)),갈아만든배 355mL/1",5,"맛있습니다
해장하기 딱 좋군요
얼큰하지는 않으니
청량고추 꼭 추가해서 드세요"
작품파스타&피자,"1인 Set메뉴（피자＋파스타＋코카콜라 245ml＋수제피클 제공）/1(콜라선택(코카콜라 캔 245ml),피자선택(마르게리따피자),파스타선택(까르보나라 파스타),파스타 추가 선택(파스타에 면추가),음료 추가 선택(코카콜라 1.25L),사이드메뉴 추가 선택(치킨 윙 5pcs))",3,넘느끼하노.....
배달삼겹돼지되지-구의점,"공기밥/2,파절이/1,소450g/1(양념추가(오리지날),단품메뉴 추가(삼겹살))",5,맛있게 잘 먹었습니다
강남족발,왕족발/1(사이즈 선택(소（2인분）（음료별도）)),1,흐음........
첼리와비올라,B정식（양많음）/1,5,양이너무많아서 좋지만 결국쪼금은남기게되지만 너무 만족합니다 맛도좋구요 반찬도 많구
공차-분당정자역점,"그린애플젤리 밀크티/1(SUGAR(50%),COLD(COLD)),허니자몽티 J/1(COLD(COLD),ICE(Full Ice)),자몽 그린티 에이드 J/1(TOPPINGS(코코넛),SUGAR(50%),COLD(COLD),ICE(Regular Ice))",5,여러번 시켰던 사람인데 이번 배달은 좀 실망이네요. 타로밀크티랑 망고밀크티 밑 부분이 다 터져서 와서 따로 옮기고 치우는데 힘들었어요. 이렇게 다 터져서 오면 그냥 집 앞에서 다른 음료수 먹을텐데 말이죠. 배달이 문제인지 공차가 문제인지 모르겠지만 치우느라 화났습니다.
나혼자돈까스왕,"수제후레쉬돈가스세트（수제후레쉬돈까스＋반우동 or 반냉우동 中 택1）/1(메뉴 선택(반우동)),수제고구마치즈돈가스세트（수제고구마치즈돈까스＋반우동 or 반냉우동 中 택1）/1(메뉴 선택(반우동)),새우튀김（1pcs）/2",4,개인적으로는 그냥돈까스가 너무 뻑뻑했어요. 닭가슴살보다 살짝 더 촉촉한 느낌? 그래서 조금 아쉬웠습니다. 고차돈은 고구마 많이 들어있더라구요
육회한연어-건대점,"혼밥세트5/1(메뉴 선택(연어초밥3pcs,육회초밥3pcs))",4,예상치 못한 김치전 맛집..!! 리뷰 감사합니다 김치전부터 옴뇸뇸 먹엇서요ㅎㅎ 초밥보다는 덮밥이 더 맛있습니다!! 덮밥 먹을 때에는 고추장은 절반만 넣는 걸 추천드려요~
포메인-분당오리역,"해산물 팟타이/1(식기 선택(일회용숟가락,젓가락제외))",4,저번에 시켜먹었다 맛있어서 다시 시켰는데 맛이 덜해진 것 같았습니다. 배달도 늦게와서 아쉬워요
강남족발,보족세트（족발＋보쌈）/1(보족세트 사이즈 선택(소（2인분）)),1,족발은 잘먹었는데요 보쌈.. 하..  사람먹는거맞나요? 한점먹고 토할뻔햇네요 어떻게삶으면 그렇게 냄새를 하나도 제거못할수가있는지.. 종일속 울렁대고 족발탓인지 보쌈한점탓인지 둘이먹었는데 둘다설사하고.. 저렴한건 다이유가잇구나싶네요 앞으론 약값쓸거보태서 제대로된거시켜먹어야겠어요 제발 드셔보고 파세요 사람이먹는겁니다
설빙-강남역2호점,"인절미설빙/2(스푼선택(스푼 1개)),팥앙금/1,연유소스/2",3,"저는 빙수 두개시켰는데 .. 왜 하나만 가져다주신거죠? 
와이프랑 1인1빙 하려다 매우당황했네요... 

제돈 돌려주시거나 빙수를 하나 더 가져다주시던지 해주세요. 연락 꼭 주시기바랍니다.."
집밥으로우주정복,숯불 숙성 삼겹 세트 2人/1,1,"리뷰도 안보고 요청사항도 안보는가게에요..

 손님의견을 들을생각이 전혀 없습니다"
파스타레토,"쉬림프알프레도파스타/1,치킨텐더（5개）/1,콜라 500mL/1",2,Average at best. Chicken tenders are extremely small and skinny in size.
버거킹-건대입구역점(24),"불고기와퍼세트/1(음료변경(코카-콜라R（변경 없음 ）),사이드변경(프렌치프라이（R）)),불고기와퍼/1",2,"1~감자튀김 2개먹고 다버림(완전 생감자)
2~패티 무지 얇음!
3야채? 거의 없음!
4 음식갖고 장난치지마세요.^^♡
편의점 버거 먹겠음!
버거킹 10년 먹었는데 오늘이 최고에 맛이었음~~~!!^^♡ 감사합니다.
버거킹 다신 안먹음!"
작품파스타&피자,"1인 Set메뉴（피자＋파스타＋코카콜라 245ml＋수제피클 제공）/1(콜라선택(코카콜라 캔 245ml),피자선택(마르게리따피자),파스타선택(뽀모도로 파스타),피자 추가 선택(피자에 새우),파스타 추가 선택(파스타에 면추가))",4,"배달 종영 예능프로 보다가 원래 시리얼 먹을려다가 화덕피자랑 포모도로 파스타가 갑자기 땡겨서 시키게 되었어요 ~ 따듯한 음식으로 배달이 빨리와서 좋았어요
여기는 부라타 치즈가 없나봐요ㅠㅠ 같이 비벼먹고 싶었은데ㅠ 파마산 토핑만 되어있네요ㅜ 그점만 조금 아쉬웠지만 면도 안불고 적당해서 맛있게 잘 먹었습니다 제가 화덕피자를 좋아하다보니 화덕 피자는 뭐 말할것도 없이 맛있엇어요 담에 시켜먹게 되면 다른종류 도전이요~!! 
번창 하세요~^^"
장독대김치찌개-선릉점,"장독대 김치찜 정식/1,장독대 김치찌개 정식（1人）/1,콜라（500mL）/1",4,배달도 빠르고 맛있게 잘먹었어요
파스타레토,"토마토핫칠리씨푸드파스타/1,쉬림프알프레도파스타/1,봉골레파스타/1",1,"양많고 정말맛없어요
면도 오버쿡
값에 똑같은 맛이라해야할듯."
박가족-장안점,朴家당일삶은왕족/1(사이즈 선택(대)),5,"퇴근하고 집에서 먹을려고 포장을 못뜯고찍었네요
자주 시켜먹을만큼 맛있습니다"
첼리와비올라,B정식/1,1,와 진짜 너무 맛없네요 완전 최악...;;
버거킹-분당상록점,"더블화이트갈릭와퍼 세트/1(음료변경(코카-콜라 제로R),사이드변경(프렌치프라이（R）)),앵그리 너겟킹 4조각/1",5,배달은 예상시간보다 좀 빨랐고 따뜻하게 와서 잘 먹었습니당
무국적식탁-광진점,직화바싹제육덮밥/1,5,진짜 맛있네요. 인정합니다ㅎㅎ
포메인-분당오리역,"포메인 쌀국수/1(사이즈 선택(S),면선택(데침),식기 선택(일회용숟가락,젓가락포함))",1,이상한 먼지 붙어있고 수저 달라고해도 수저안줌
장독대김치찌개-선릉점,장독대 김치찌개 정식（1人）/1,1,"배고파서 빨리되는걸로시켰는데 정말 장사접으세요
음식물 처리하는사람입니까
밥은 언제한거인지 냄새에 굳어있고 찌게도 전문점이라하기엔 토나올정도고 기본반찬 참기가막히네요  당신들 남의돈 갖고장난하시나
두번다시 시켜먹을일없을듯"
